Order_ID,Order_Date,Region,Product,Quantity,Unit_Price,Salesperson,Customer_Type,Total_Sales
ORD1000,2023-04-20,East,Smartwatch,9,45934,Divya,Returning,413406
ORD1001,2023-03-11,West,Printer,7,12258,Neha,New,85806
ORD1002,2023-07-21,North,Laptop,4,59775,Rahul,Returning,239100
ORD1003,2023-11-23,East,Laptop,5,7469,Rahul,New,37345
ORD1004,2023-11-23,East,Laptop,1,30854,Neha,New,30854
ORD1005,2023-03-01,West,Camera,1,8256,Ravi,Returning,8256
ORD1006,2023-10-07,North,Tablet,3,78256,Ravi,New,234768
ORD1007,2023-11-29,North,Camera,8,35937,Amit,New,287496
ORD1008,2023-09-16,East,Tablet,2,3651,Amit,Returning,7302
ORD1009,2023-02-03,South,Camera,4,52288,Rahul,New,209152
ORD1010,2023-05-26,East,Camera,2,27051,Neha,New,54102
ORD1011,2023-12-13,East,Smartwatch,5,29386,Priya,New,146930
ORD1012,2023-12-12,East,Headphones,9,77054,Divya,Returning,693486
ORD1013,2023-06-21,East,Camera,1,18184,Priya,Returning,18184
ORD1014,2023-05-31,West,Smartwatch,5,35787,Neha,Returning,178935
ORD1015,2023-11-11,North,Smartphone,9,23621,Amit,New,212589
ORD1016,2023-08-13,West,Headphones,1,77564,Rahul,New,77564
ORD1017,2023-06-12,West,Camera,9,79984,Rahul,New,719856
ORD1018,2023-02-02,West,Printer,8,61792,Amit,New,494336
ORD1019,2023-08-29,East,Laptop,4,47253,Priya,Returning,189012
ORD1020,2023-01-03,South,Smartphone,5,36051,Sneha,New,180255
ORD1021,2023-11-21,North,Smartphone,5,51811,Sneha,New,259055
ORD1022,2023-11-25,South,Smartwatch,6,32447,,New,194682
ORD1023,2023-02-19,West,Smartphone,7,32254,Sneha,Returning,225778
ORD1024,2023-10-18,West,Headphones,8,59418,Karan,New,475344
ORD1025,2023-06-12,South,Camera,8,16472,Neha,New,131776
ORD1026,2023-10-06,South,Camera,2,5471,Neha,New,10942
ORD1027,2023-12-25,South,Printer,9,10329,Amit,New,92961
ORD1028,2023-02-21,West,Laptop,7,36865,Ravi,New,258055
ORD1029,2023-04-08,West,Smartwatch,4,48850,Divya,Returning,195400
ORD1030,2023-08-29,North,Laptop,4,56220,Priya,New,224880
ORD1031,2023-02-10,North,Smartphone,8,8397,Amit,New,67176
ORD1032,2023-12-03,West,Printer,4,37525,Sneha,New,150100
ORD1033,2023-04-22,South,Laptop,6,55072,,New,330432
ORD1034,2023-05-03,South,Headphones,5,25284,Ravi,New,126420
ORD1035,2023-12-19,North,Camera,3,63330,Sneha,New,189990
ORD1036,2023-04-27,,Smartphone,2,27122,Rahul,New,54244
ORD1037,2023-08-29,North,Printer,9,72553,Divya,New,652977
ORD1038,2023-03-13,North,Laptop,9,64812,Karan,New,583308
ORD1039,2023-06-16,East,Smartwatch,1,9999,Sneha,New,9999
ORD1040,2023-02-19,East,Headphones,3,24436,Karan,Returning,73308
ORD1041,2023-06-28,East,Headphones,8,44963,Priya,Returning,359704
ORD1042,2023-09-17,South,Laptop,6,4096,Karan,Returning,24576
ORD1043,2023-08-27,West,Camera,5,27279,Priya,Returning,136395
ORD1044,2023-06-17,West,Laptop,5,28201,Priya,New,141005
ORD1045,2023-07-18,West,Smartphone,6,21715,Priya,Returning,130290
ORD1046,2023-06-09,West,Laptop,7,31309,Priya,Returning,219163
ORD1047,2023-12-20,East,Headphones,1,17078,Priya,New,17078
ORD1048,2023-04-01,,Printer,9,58614,Sneha,Returning,527526
ORD1049,2023-05-01,South,Laptop,3,7105,Priya,Returning,21315
ORD1050,2023-11-20,East,Camera,4,4839,Sneha,New,19356
ORD1051,2023-02-13,South,Printer,1,70920,Priya,New,70920
ORD1052,2023-10-15,East,Smartwatch,3,45619,Karan,New,136857
ORD1053,2023-09-01,West,Tablet,2,44821,Rahul,Returning,89642
ORD1054,2023-03-31,East,Laptop,2,15493,Priya,Returning,30986
ORD1055,2023-08-18,West,Camera,1,19069,Ravi,New,19069
ORD1056,2023-06-07,West,Printer,8,9531,Priya,New,76248
ORD1057,2023-09-20,North,Camera,3,39051,Priya,Returning,117153
ORD1058,2023-05-25,East,Smartwatch,3,9736,Karan,New,29208
ORD1059,2023-08-05,North,Headphones,6,9710,Divya,Returning,58260
ORD1060,2023-09-13,,Camera,8,69155,Neha,New,553240
ORD1061,2023-01-03,East,Printer,9,15975,Karan,New,143775
ORD1062,2023-12-21,North,Camera,9,64424,Ravi,Returning,579816
ORD1063,2023-12-31,North,Camera,4,47603,Neha,New,190412
ORD1064,2023-04-24,East,Camera,5,25252,Amit,New,126260
ORD1065,2023-06-09,South,Smartphone,2,3431,Amit,New,6862
ORD1066,2023-09-04,West,Smartphone,9,76603,Divya,Returning,689427
ORD1067,2023-04-19,North,Headphones,8,39481,Ravi,New,315848
ORD1068,2023-03-04,West,Laptop,3,11557,Karan,New,34671
ORD1069,2023-04-27,South,Camera,9,76971,Sneha,New,692739
ORD1070,2023-01-26,South,Smartwatch,3,2162,Ravi,New,6486
ORD1071,2023-12-30,South,Laptop,9,36742,Rahul,New,330678
ORD1072,2023-10-31,North,Smartwatch,2,21675,Neha,New,43350
ORD1073,2023-04-11,South,Laptop,9,75997,Neha,Returning,683973
ORD1074,2023-09-16,North,Headphones,8,19015,Priya,Returning,152120
ORD1075,2023-11-13,South,Camera,9,52057,Amit,New,468513
ORD1076,2023-11-01,West,Camera,5,34591,Divya,Returning,172955
ORD1077,2023-10-05,West,Tablet,2,11833,Neha,Returning,23666
ORD1078,2023-05-09,East,Smartwatch,8,9896,Ravi,New,79168
ORD1079,2023-06-20,West,Laptop,6,34972,Neha,Returning,209832
ORD1080,2023-01-24,East,Laptop,8,51733,Divya,Returning,413864
ORD1081,2023-10-29,West,Smartphone,5,43800,Divya,Returning,219000
ORD1082,2023-12-25,North,Tablet,2,7347,Divya,Returning,14694
ORD1083,2023-01-20,West,Printer,6,61063,Ravi,Returning,366378
ORD1084,2023-05-24,East,Printer,5,4643,Sneha,Returning,23215
ORD1085,2023-08-28,East,Smartphone,5,42785,Priya,Returning,213925
ORD1086,2023-06-02,South,Smartphone,1,20681,Amit,Returning,20681
ORD1087,2023-03-27,North,Smartphone,2,52026,Neha,New,104052
ORD1088,2023-08-13,West,Smartwatch,8,17892,Ravi,New,143136
ORD1089,2023-04-17,South,Smartwatch,3,49299,Karan,Returning,147897
ORD1090,2023-01-31,West,,3,19073,Amit,Returning,57219
ORD1091,2023-07-11,West,Headphones,8,32682,Sneha,New,261456
ORD1092,2023-09-10,South,Smartphone,8,16289,Ravi,Returning,130312
ORD1093,2023-05-30,South,Tablet,2,9927,Rahul,Returning,19854
ORD1094,2023-04-18,South,Laptop,8,50330,Rahul,New,402640
ORD1095,2023-06-27,South,Smartwatch,1,68707,Priya,New,68707
ORD1096,2023-08-19,South,Tablet,6,79454,Priya,New,476724
ORD1097,2023-11-04,West,Camera,8,67428,Sneha,Returning,539424
ORD1098,2023-02-04,South,Smartwatch,3,52601,Sneha,Returning,157803
ORD1099,2023-12-09,North,Smartwatch,8,79465,Priya,New,635720
ORD1100,2023-07-06,East,Headphones,1,4539,Neha,New,4539
ORD1101,2023-10-25,South,Laptop,9,24669,Neha,Returning,222021
ORD1102,2023-07-15,South,Laptop,9,72968,Ravi,New,656712
ORD1103,2023-08-15,West,Printer,5,22644,Karan,Returning,113220
ORD1104,2023-05-04,South,Printer,4,20745,Ravi,Returning,82980
ORD1105,2023-04-26,South,Printer,6,30228,Karan,New,181368
ORD1106,2023-02-01,South,Printer,7,36521,Sneha,New,255647
ORD1107,2023-02-04,West,Camera,5,28928,Amit,Returning,144640
ORD1108,2023-07-16,South,Camera,9,20322,Ravi,New,182898
ORD1109,2023-09-09,East,Smartwatch,3,59714,Ravi,New,179142
ORD1110,2023-07-01,West,Smartphone,7,64292,Karan,New,450044
ORD1111,2023-05-05,East,Headphones,5,31055,Divya,New,155275
ORD1112,2023-12-05,West,Headphones,7,44891,Sneha,Returning,314237
ORD1113,2023-12-04,South,Printer,2,8588,Sneha,Returning,17176
ORD1114,2023-03-05,East,Smartwatch,4,8304,Rahul,Returning,33216
ORD1115,2023-08-07,West,Tablet,2,9345,Divya,Returning,18690
ORD1116,2023-10-27,North,Smartphone,7,31300,Karan,New,219100
ORD1117,2023-11-14,South,Smartwatch,2,26259,Sneha,New,52518
ORD1118,2023-08-12,West,Smartphone,1,17352,Divya,Returning,17352
ORD1119,2023-07-26,North,Smartphone,9,35365,Priya,Returning,318285
ORD1120,2023-10-17,West,Smartphone,1,21446,Divya,New,21446
ORD1121,2023-11-06,North,Smartwatch,8,4336,Neha,Returning,34688
ORD1122,2023-03-19,South,Printer,2,64032,Rahul,Returning,128064
ORD1123,2023-08-27,East,Headphones,8,77415,Priya,New,619320
ORD1124,2023-07-14,North,Headphones,3,9521,Amit,Returning,28563
ORD1125,2023-05-02,,Printer,6,73707,Ravi,New,442242
ORD1126,2023-06-24,South,Smartphone,3,25481,Rahul,New,76443
ORD1127,2023-10-22,North,Tablet,7,20474,Amit,Returning,143318
ORD1128,2023-12-01,West,Laptop,9,48760,Ravi,New,438840
ORD1129,2023-02-22,West,Smartwatch,2,57718,Neha,Returning,115436
ORD1130,2023-07-27,West,Laptop,5,46629,,New,233145
ORD1131,2023-07-17,North,Printer,6,47232,Sneha,Returning,283392
ORD1132,2023-01-15,North,Tablet,4,69169,Priya,Returning,276676
ORD1133,2023-12-23,North,Smartwatch,4,52669,Karan,Returning,210676
ORD1134,2023-01-21,East,Printer,4,71184,Priya,New,284736
ORD1135,2023-10-30,North,Smartphone,2,49945,Neha,New,99890
ORD1136,2023-01-20,North,Headphones,4,15140,Amit,Returning,60560
ORD1137,2023-12-28,North,,1,16357,Karan,New,16357
ORD1138,2023-01-15,East,Camera,6,70673,,Returning,424038
ORD1139,2023-06-03,North,Camera,1,67633,Neha,Returning,67633
ORD1140,2023-12-25,West,Tablet,6,78943,Karan,New,473658
ORD1141,2023-06-20,North,Smartphone,1,14924,Neha,Returning,14924
ORD1142,2023-05-01,West,Laptop,6,71286,Divya,New,427716
ORD1143,2023-06-16,West,Smartphone,8,76071,Neha,Returning,608568
ORD1144,2023-04-11,West,Laptop,2,59326,Sneha,New,118652
ORD1145,2023-01-14,East,Tablet,2,32651,Rahul,Returning,65302
ORD1146,2023-02-18,East,Tablet,4,72202,Ravi,Returning,288808
ORD1147,2023-05-29,East,Camera,3,50777,Karan,New,152331
ORD1148,2023-12-04,North,Smartphone,4,18994,Divya,Returning,75976
ORD1149,2023-08-06,West,Smartwatch,7,69263,Sneha,Returning,484841
ORD1150,2023-11-04,East,Camera,1,61634,Neha,New,61634
ORD1151,2023-07-12,East,Smartphone,6,12800,Divya,Returning,76800
ORD1152,2023-11-30,North,Camera,3,39823,Sneha,New,119469
ORD1153,2023-03-14,East,Smartwatch,7,65878,Rahul,Returning,461146
ORD1154,2023-03-10,North,Headphones,2,20708,Divya,New,41416
ORD1155,2023-12-11,South,Headphones,2,14819,Divya,Returning,29638
ORD1156,2023-06-05,East,Headphones,4,76905,Ravi,Returning,307620
ORD1157,2023-02-07,South,Headphones,1,65870,Priya,Returning,65870
ORD1158,2023-07-30,North,Printer,3,11283,Karan,New,33849
ORD1159,2023-01-02,West,,9,32573,Ravi,New,293157
ORD1160,2023-02-28,East,Printer,7,32933,Amit,New,230531
ORD1161,2023-09-30,North,Printer,7,7774,Karan,New,54418
ORD1162,2023-11-01,West,Printer,4,74055,Ravi,Returning,296220
ORD1163,2023-09-26,West,Headphones,2,12983,Neha,Returning,25966
ORD1164,2023-12-10,South,Smartwatch,4,20133,Karan,New,80532
ORD1165,2023-04-15,North,Tablet,6,16939,Karan,New,101634
ORD1166,2023-10-26,West,Tablet,3,2781,Sneha,New,8343
ORD1167,2023-02-26,East,Laptop,1,58700,Neha,Returning,58700
ORD1168,2023-10-27,East,Headphones,8,29624,Amit,New,236992
ORD1169,2023-10-13,South,Headphones,5,8823,Priya,New,44115
ORD1170,2023-02-01,West,Headphones,5,20489,Divya,Returning,102445
ORD1171,2023-05-16,North,Camera,4,41961,Rahul,Returning,167844
ORD1172,2023-06-10,East,Smartphone,6,31118,Ravi,New,186708
ORD1173,2023-10-30,West,Camera,3,24263,Sneha,Returning,72789
ORD1174,2023-07-29,West,Smartphone,9,15565,Ravi,New,140085
ORD1175,2023-09-20,South,Headphones,5,22354,Amit,Returning,111770
ORD1176,2023-11-19,East,Headphones,3,44951,Divya,New,134853
ORD1177,2023-08-01,East,Camera,1,25648,Amit,New,25648
ORD1178,2023-07-05,North,Camera,6,52729,Karan,New,316374
ORD1179,2023-03-03,East,Smartphone,2,43971,Rahul,New,87942
ORD1180,2023-04-06,North,Tablet,3,20658,Amit,Returning,61974
ORD1181,2023-03-14,East,Smartphone,1,23253,Ravi,Returning,23253
ORD1182,2023-01-10,South,Camera,9,66166,,Returning,595494
ORD1183,2023-08-27,East,Smartwatch,8,50563,Neha,Returning,404504
ORD1184,2023-03-27,North,Camera,2,28390,Karan,New,56780
ORD1185,2023-09-16,North,Smartwatch,8,53578,Priya,New,428624
ORD1186,2023-10-04,South,Laptop,9,34658,Ravi,Returning,311922
ORD1187,2023-05-26,East,Camera,1,8852,Ravi,Returning,8852
ORD1188,2023-04-07,East,Laptop,5,4551,Amit,Returning,22755
ORD1189,2023-03-15,South,,8,73947,Rahul,Returning,591576
ORD1190,2023-03-15,East,Smartphone,2,63001,Ravi,Returning,126002
ORD1191,2023-08-19,East,Smartwatch,4,51159,Sneha,New,204636
ORD1192,2023-09-24,North,Smartphone,7,53707,Priya,New,375949
ORD1193,2023-08-16,East,Laptop,3,35243,Amit,New,105729
ORD1194,2023-07-18,East,Smartwatch,5,23800,Sneha,Returning,119000
ORD1195,2023-01-29,South,Smartphone,8,77939,Karan,Returning,623512
ORD1196,2023-10-23,South,Camera,3,59828,Neha,Returning,179484
ORD1197,2023-09-07,West,Headphones,4,9239,Karan,Returning,36956
ORD1198,2023-11-11,North,Laptop,9,8710,Neha,New,78390
ORD1199,2023-09-08,East,Smartphone,7,23384,Karan,New,163688
ORD1200,2023-05-02,East,Laptop,1,23038,Ravi,Returning,23038
ORD1201,2023-06-02,West,Printer,4,42846,Sneha,New,171384
ORD1202,2023-11-01,East,Laptop,4,69821,Neha,New,279284
ORD1203,2023-09-10,North,Smartwatch,9,39991,Amit,Returning,359919
ORD1204,2023-05-12,West,Printer,6,8971,Sneha,Returning,53826
ORD1205,2023-10-30,North,Smartwatch,9,31139,Amit,Returning,280251
ORD1206,2023-06-08,West,Headphones,6,79067,Sneha,Returning,474402
ORD1207,2023-03-16,West,Printer,6,39711,Sneha,Returning,238266
ORD1208,2023-07-15,South,Camera,5,8530,Karan,Returning,42650
ORD1209,2023-01-22,North,,5,13116,Neha,New,65580
ORD1210,2023-05-10,East,Smartphone,2,67794,Neha,New,135588
ORD1211,2023-03-05,East,Tablet,8,2282,Rahul,Returning,18256
ORD1212,2023-06-30,North,Laptop,8,3898,Sneha,New,31184
ORD1213,2023-05-12,East,Laptop,1,6135,Ravi,Returning,6135
ORD1214,2023-06-03,East,Headphones,8,8629,Ravi,Returning,69032
ORD1215,2023-11-16,North,Camera,5,67031,Amit,Returning,335155
ORD1216,2023-09-09,West,Tablet,2,35380,Amit,Returning,70760
ORD1217,2023-08-07,North,Printer,2,19071,Karan,New,38142
ORD1218,2023-12-09,West,Printer,6,22074,Sneha,Returning,132444
ORD1219,2023-03-25,East,Printer,9,69843,Amit,New,628587
ORD1220,2023-02-17,East,Smartwatch,1,41901,Amit,Returning,41901
ORD1221,2023-05-31,East,Smartwatch,6,13205,Priya,Returning,79230
ORD1222,2023-03-19,South,Smartphone,9,57661,Sneha,Returning,518949
ORD1223,2023-09-06,West,Tablet,8,7906,Divya,New,63248
ORD1224,2023-03-31,South,Printer,6,4591,Karan,Returning,27546
ORD1225,2023-01-30,South,Smartwatch,3,64987,Amit,Returning,194961
ORD1226,2023-08-31,North,Smartphone,8,65370,Karan,Returning,522960
ORD1227,2023-06-08,South,Camera,9,56400,Neha,New,507600
ORD1228,2023-06-24,North,Smartphone,1,27150,,New,27150
ORD1229,2023-04-06,North,Smartwatch,9,33852,Divya,New,304668
ORD1230,2023-04-13,South,Headphones,6,44870,Ravi,Returning,269220
ORD1231,2023-05-12,West,Headphones,6,54756,Divya,New,328536
ORD1232,2023-10-02,West,Printer,4,58481,Ravi,Returning,233924
ORD1233,2023-11-09,,,1,3283,Karan,New,3283
ORD1234,2023-01-28,West,Printer,8,35691,Ravi,New,285528
ORD1235,2023-01-10,West,Printer,2,3125,Neha,Returning,6250
ORD1236,2023-09-16,South,Smartwatch,1,69065,Sneha,New,69065
ORD1237,2023-08-23,South,Headphones,2,28170,Ravi,Returning,56340
ORD1238,2023-09-19,East,Printer,1,10438,Ravi,Returning,10438
ORD1239,2023-02-06,West,Tablet,1,22095,Karan,New,22095
ORD1240,2023-10-07,South,Camera,9,18154,Neha,Returning,163386
ORD1241,2023-04-20,East,Smartphone,1,10004,Rahul,Returning,10004
ORD1242,2023-02-05,West,Smartphone,4,11752,Rahul,New,47008
ORD1243,2023-12-03,North,Smartwatch,6,57426,Rahul,New,344556
ORD1244,2023-05-19,East,Headphones,7,28819,,Returning,201733
ORD1245,2023-02-25,South,Headphones,2,26217,Sneha,New,52434
ORD1246,2023-10-27,North,Printer,6,34994,Divya,Returning,209964
ORD1247,2023-04-07,North,Laptop,7,17036,,Returning,119252
ORD1248,2023-01-01,North,Printer,2,79275,Karan,New,158550
ORD1249,2023-06-23,East,Camera,2,51416,Priya,New,102832
ORD1250,2023-05-07,South,Tablet,7,11587,Neha,New,81109
ORD1251,2023-04-30,North,,1,2645,Rahul,New,2645
ORD1252,2023-01-21,West,Printer,8,32930,Sneha,Returning,263440
ORD1253,2023-02-02,North,Laptop,3,32090,Neha,Returning,96270
ORD1254,2023-09-18,North,Laptop,6,54142,Rahul,New,324852
ORD1255,2023-11-13,East,Printer,9,28475,Sneha,New,256275
ORD1256,2023-06-30,East,Smartwatch,6,20888,Neha,Returning,125328
ORD1257,2023-10-31,South,,9,45732,Karan,Returning,411588
ORD1258,2023-05-30,West,Smartwatch,7,48305,Karan,Returning,338135
ORD1259,2023-06-10,East,Tablet,9,48037,Divya,Returning,432333
ORD1260,2023-10-06,North,Laptop,2,11346,Amit,New,22692
ORD1261,2023-03-11,South,Laptop,8,2587,Divya,Returning,20696
ORD1262,2023-05-22,North,Camera,8,14763,Ravi,Returning,118104
ORD1263,2023-09-07,North,Tablet,2,61165,Divya,New,122330
ORD1264,2023-07-10,East,Laptop,4,71615,Rahul,Returning,286460
ORD1265,2023-11-03,South,Tablet,7,38116,Priya,Returning,266812
ORD1266,2023-05-09,West,Smartphone,4,27556,Neha,New,110224
ORD1267,2023-01-14,West,Headphones,4,61042,Priya,New,244168
ORD1268,2023-08-11,East,Laptop,6,20099,Amit,New,120594
ORD1269,2023-10-21,East,Camera,6,47096,Ravi,Returning,282576
ORD1270,2023-11-13,South,Smartphone,3,73986,Neha,Returning,221958
ORD1271,2023-06-10,West,Printer,9,15230,Sneha,New,137070
ORD1272,2023-08-30,West,Tablet,2,31009,Rahul,New,62018
ORD1273,2023-07-01,West,Printer,6,72969,Ravi,Returning,437814
ORD1274,2023-01-12,North,Smartwatch,7,35866,Karan,New,251062
ORD1275,2023-09-04,West,Smartphone,9,78975,Amit,New,710775
ORD1276,2023-06-22,North,Printer,3,43855,Ravi,New,131565
ORD1277,2023-11-08,South,Laptop,3,8416,Rahul,Returning,25248
ORD1278,2023-04-25,North,Tablet,7,74516,Divya,Returning,521612
ORD1279,2023-03-15,South,Headphones,4,57915,Ravi,Returning,231660
ORD1280,2023-12-23,West,Smartphone,8,20058,Divya,Returning,160464
ORD1281,2023-07-14,West,Laptop,7,78637,Rahul,Returning,550459
ORD1282,2023-04-04,South,Camera,5,42718,Karan,Returning,213590
ORD1283,2023-12-27,East,Smartwatch,7,34602,Neha,New,242214
ORD1284,2023-10-25,South,Tablet,3,76658,Sneha,Returning,229974
ORD1285,2023-01-29,East,Smartphone,2,60067,Karan,Returning,120134
ORD1286,2023-07-20,North,Smartphone,6,29516,Divya,New,177096
ORD1287,2023-12-19,North,Headphones,2,3089,Divya,Returning,6178
ORD1288,2023-05-01,North,Headphones,3,39346,Sneha,Returning,118038
ORD1289,2023-03-29,West,Camera,6,76663,Neha,New,459978
ORD1290,2023-04-08,North,Smartwatch,5,12487,Ravi,New,62435
ORD1291,2023-08-10,East,Camera,8,2155,Sneha,New,17240
ORD1292,2023-05-23,North,Laptop,9,69494,Amit,Returning,625446
ORD1293,2023-02-24,South,Laptop,3,78229,Amit,New,234687
ORD1294,2023-05-30,South,Camera,3,40547,Rahul,Returning,121641
ORD1295,2023-08-13,West,Smartwatch,3,30795,Karan,Returning,92385
ORD1296,2023-03-02,South,Camera,6,57296,Divya,Returning,343776
ORD1297,2023-11-24,East,Smartwatch,1,23447,Neha,Returning,23447
ORD1298,2023-04-16,North,Smartwatch,7,38598,Rahul,New,270186
ORD1299,2023-02-03,West,Printer,1,43814,Karan,New,43814
ORD1300,2023-01-12,North,Tablet,5,77330,Karan,Returning,386650
ORD1301,2023-09-14,North,Smartwatch,8,65278,Rahul,New,522224
ORD1302,2023-08-31,East,Headphones,4,57077,Priya,Returning,228308
ORD1303,2023-03-03,South,Smartwatch,5,73906,Karan,Returning,369530
ORD1304,2023-06-27,South,Smartwatch,4,11528,Priya,Returning,46112
ORD1305,2023-07-09,North,Smartwatch,4,52100,Amit,New,208400
ORD1306,2023-05-19,West,Printer,8,10179,Amit,Returning,81432
ORD1307,2023-03-08,South,Printer,2,50781,Karan,Returning,101562
ORD1308,2023-02-27,West,Laptop,1,57267,Amit,New,57267
ORD1309,2023-12-17,South,Printer,3,25952,Neha,New,77856
ORD1310,2023-03-02,West,Headphones,9,55798,Priya,New,502182
ORD1311,2023-04-19,,Headphones,4,52939,Priya,New,211756
ORD1312,2023-08-18,West,Printer,5,31516,Karan,Returning,157580
ORD1313,2023-07-12,East,Camera,2,58526,Amit,New,117052
ORD1314,2023-12-11,East,Tablet,4,12449,Sneha,Returning,49796
ORD1315,2023-09-06,West,Printer,2,52290,Divya,New,104580
ORD1316,2023-08-26,East,Smartwatch,2,74954,,New,149908
ORD1317,2023-11-26,North,Smartphone,4,24746,Rahul,New,98984
ORD1318,2023-06-26,East,Tablet,6,69990,Priya,New,419940
ORD1319,2023-11-10,,Tablet,7,60810,Karan,New,425670
ORD1320,2023-01-07,West,Headphones,3,17223,Karan,New,51669
ORD1321,2023-10-26,North,Tablet,3,74237,Neha,Returning,222711
ORD1322,2023-02-02,West,Printer,6,4597,Ravi,New,27582
ORD1323,2023-05-01,South,Smartwatch,3,67677,Divya,New,203031
ORD1324,2023-04-09,South,Smartwatch,2,4659,Ravi,New,9318
ORD1325,2023-05-08,South,Laptop,8,76567,Priya,New,612536
ORD1326,2023-01-15,East,Smartwatch,5,17037,Rahul,Returning,85185
ORD1327,2023-10-03,East,Smartwatch,1,48738,Neha,New,48738
ORD1328,2023-03-16,West,Headphones,3,73678,Neha,New,221034
ORD1329,2023-09-29,West,Smartwatch,8,14109,Neha,New,112872
ORD1330,2023-01-21,North,Laptop,4,24010,Priya,New,96040
ORD1331,2023-10-24,North,Smartphone,7,10787,Ravi,Returning,75509
ORD1332,2023-03-13,West,Printer,2,10472,Rahul,New,20944
ORD1333,2023-04-24,East,Headphones,7,25383,Neha,Returning,177681
ORD1334,2023-04-18,South,Smartphone,5,63709,Rahul,New,318545
ORD1335,2023-08-01,West,Headphones,5,71785,Amit,Returning,358925
ORD1336,2023-12-10,North,Camera,6,36518,Karan,Returning,219108
ORD1337,2023-10-15,East,Tablet,9,55909,Karan,New,503181
ORD1338,2023-05-01,West,Camera,6,20351,Rahul,New,122106
ORD1339,2023-01-08,West,Smartwatch,8,71624,Sneha,Returning,572992
ORD1340,2023-11-19,East,Smartphone,7,55330,Sneha,Returning,387310
ORD1341,2023-08-30,West,Smartwatch,9,17282,Priya,New,155538
ORD1342,2023-10-04,East,Tablet,4,23778,Priya,Returning,95112
ORD1343,2023-06-27,South,Headphones,2,26264,Karan,Returning,52528
ORD1344,2023-10-17,East,Tablet,7,61675,Amit,Returning,431725
ORD1345,2023-05-16,East,Laptop,6,7075,Divya,New,42450
ORD1346,2023-02-06,East,Tablet,1,77948,Ravi,Returning,77948
ORD1347,2023-12-04,West,Laptop,9,50454,Ravi,Returning,454086
ORD1348,2023-01-11,West,Tablet,9,30365,Priya,Returning,273285
ORD1349,2023-03-15,East,Printer,2,74766,Amit,New,149532
ORD1350,2023-02-02,West,Laptop,3,50200,Priya,New,150600
ORD1351,2023-06-28,North,Smartphone,5,13002,Divya,Returning,65010
ORD1352,2023-05-08,North,Smartwatch,5,15947,Ravi,New,79735
ORD1353,2023-03-30,,Smartwatch,1,54142,Rahul,Returning,54142
ORD1354,2023-12-26,West,Camera,8,58307,Priya,New,466456
ORD1355,2023-04-08,East,Smartwatch,8,6493,Neha,New,51944
ORD1356,2023-08-17,South,Headphones,4,52085,Rahul,Returning,208340
ORD1357,2023-11-02,West,Printer,7,36228,Divya,New,253596
ORD1358,2023-11-17,North,,3,53875,,New,161625
ORD1359,2023-04-27,East,Camera,6,33655,Priya,New,201930
ORD1360,2023-03-19,West,Headphones,9,45472,Karan,Returning,409248
ORD1361,2023-10-17,North,Headphones,1,51437,Priya,New,51437
ORD1362,2023-04-16,North,Laptop,5,51416,Karan,New,257080
ORD1363,2023-05-09,South,Smartwatch,4,61711,Divya,Returning,246844
ORD1364,2023-04-02,East,,8,8816,Amit,New,70528
ORD1365,2023-08-07,East,Smartphone,1,79175,Divya,New,79175
ORD1366,2023-06-16,South,Camera,9,66307,Ravi,New,596763
ORD1367,2023-12-19,South,Printer,6,48733,Rahul,New,292398
ORD1368,2023-07-17,East,Smartphone,4,13240,Rahul,New,52960
ORD1369,2023-12-01,East,Tablet,9,73363,Sneha,Returning,660267
ORD1370,2023-03-28,West,Smartphone,5,34762,Sneha,Returning,173810
ORD1371,2023-02-28,West,Camera,5,10259,Divya,New,51295
ORD1372,2023-02-22,South,Smartphone,5,52139,Ravi,New,260695
ORD1373,2023-10-30,West,Tablet,1,16849,Sneha,New,16849
ORD1374,2023-07-01,North,Laptop,1,56869,Rahul,Returning,56869
ORD1375,2023-07-04,West,Printer,8,65095,Priya,Returning,520760
ORD1376,2023-01-28,West,Camera,8,72910,Amit,New,583280
ORD1377,2023-04-19,North,Laptop,6,25567,Amit,New,153402
ORD1378,2023-05-20,South,Laptop,4,37292,Ravi,Returning,149168
ORD1379,2023-12-15,North,Laptop,2,76813,Divya,New,153626
ORD1380,2023-03-31,West,Headphones,2,53631,Sneha,Returning,107262
ORD1381,2023-07-05,South,Printer,9,11885,Priya,Returning,106965
ORD1382,2023-12-22,West,Smartwatch,5,61659,,New,308295
ORD1383,2023-09-04,North,Printer,4,56306,Amit,Returning,225224
ORD1384,2023-01-23,North,Headphones,1,68314,Neha,New,68314
ORD1385,2023-02-04,West,Smartwatch,7,67087,Divya,New,469609
ORD1386,2023-09-17,East,Printer,3,31165,Neha,New,93495
ORD1387,2023-05-25,East,Laptop,6,60929,Rahul,New,365574
ORD1388,2023-02-28,North,Camera,5,69028,Amit,New,345140
ORD1389,2023-01-16,North,Smartwatch,5,51812,Ravi,New,259060
ORD1390,2023-07-13,East,Tablet,5,52500,Karan,Returning,262500
ORD1391,2023-05-15,East,Tablet,1,60643,Karan,Returning,60643
ORD1392,2023-05-18,West,Smartphone,1,46900,Priya,Returning,46900
ORD1393,2023-04-12,West,Smartwatch,3,44946,Amit,Returning,134838
ORD1394,2023-04-29,East,Camera,4,9851,Amit,New,39404
ORD1395,2023-05-10,West,Headphones,5,18288,Rahul,Returning,91440
ORD1396,2023-10-10,West,Laptop,2,74692,Amit,Returning,149384
ORD1397,2023-05-13,South,Smartphone,8,69580,Ravi,Returning,556640
ORD1398,2023-01-17,West,Tablet,2,9368,Neha,New,18736
ORD1399,2023-11-02,North,Headphones,9,48403,Amit,Returning,435627
ORD1400,2023-01-01,West,Headphones,2,11168,,New,22336
ORD1401,2023-04-19,West,Laptop,9,51879,Rahul,Returning,466911
ORD1402,2023-07-10,East,Smartwatch,7,61871,Divya,New,433097
ORD1403,2023-07-04,North,Tablet,8,34174,Sneha,New,273392
ORD1404,2023-02-22,West,Camera,2,8581,Divya,Returning,17162
ORD1405,2023-01-12,West,Headphones,7,73853,Rahul,New,516971
ORD1406,2023-02-10,South,Laptop,6,66046,Divya,New,396276
ORD1407,2023-08-11,West,Camera,4,51678,Rahul,Returning,206712
ORD1408,2023-04-17,West,Smartwatch,7,28649,Ravi,Returning,200543
ORD1409,2023-05-28,South,Tablet,4,16567,Priya,Returning,66268
ORD1410,2023-03-27,East,Smartwatch,2,63944,Amit,New,127888
ORD1411,2023-10-07,West,Headphones,7,30803,Rahul,New,215621
ORD1412,2023-01-27,South,Camera,8,20230,Rahul,New,161840
ORD1413,2023-04-10,North,Camera,2,19862,Sneha,Returning,39724
ORD1414,2023-01-14,East,Camera,5,45355,Rahul,New,226775
ORD1415,2023-10-13,North,Headphones,1,33259,Karan,New,33259
ORD1416,2023-10-07,North,Headphones,7,32795,Priya,New,229565
ORD1417,2023-03-27,South,Smartwatch,8,10770,Amit,New,86160
ORD1418,2023-12-26,West,Smartphone,6,13093,Amit,New,78558
ORD1419,2023-01-03,South,Smartwatch,5,48571,Sneha,New,242855
ORD1420,2023-11-22,South,Tablet,6,2193,Ravi,New,13158
ORD1421,2023-03-20,South,Laptop,2,19569,Amit,Returning,39138
ORD1422,2023-09-11,South,Camera,1,13190,Karan,Returning,13190
ORD1423,2023-11-25,East,Smartphone,7,64824,Amit,Returning,453768
ORD1424,2023-10-15,West,Laptop,7,44752,Karan,New,313264
ORD1425,2023-07-11,North,Smartphone,2,34327,Priya,New,68654
ORD1426,2023-06-16,North,Printer,2,44070,Priya,Returning,88140
ORD1427,2023-06-15,West,Smartwatch,1,42197,Neha,New,42197
ORD1428,2023-03-10,North,Headphones,8,4261,Neha,Returning,34088
ORD1429,2023-11-18,West,,8,28512,Karan,New,228096
ORD1430,2023-10-19,North,Smartwatch,1,8716,Ravi,New,8716
ORD1431,2023-03-07,South,Laptop,8,30933,Amit,Returning,247464
ORD1432,2023-05-01,North,Printer,9,6378,Rahul,Returning,57402
ORD1433,2023-10-25,West,Printer,4,42583,Amit,Returning,170332
ORD1434,2023-06-05,West,Printer,1,31033,Neha,Returning,31033
ORD1435,2023-01-12,West,Laptop,1,26000,Divya,Returning,26000
ORD1436,2023-01-10,West,Laptop,3,77868,Rahul,New,233604
ORD1437,2023-08-03,West,Laptop,5,44604,Karan,New,223020
ORD1438,2023-10-08,East,Laptop,5,70336,Rahul,New,351680
ORD1439,2023-12-08,East,Printer,9,75869,Divya,Returning,682821
ORD1440,2023-09-30,North,Printer,2,7410,Amit,Returning,14820
ORD1441,2023-05-23,West,Smartphone,2,58044,Amit,Returning,116088
ORD1442,2023-12-28,North,Smartwatch,6,65315,Ravi,Returning,391890
ORD1443,2023-11-08,West,Camera,9,73344,Sneha,Returning,660096
ORD1444,2023-03-27,West,Headphones,1,8796,Rahul,Returning,8796
ORD1445,2023-05-30,East,Printer,9,56245,Neha,New,506205
ORD1446,2023-10-17,East,Headphones,9,45056,Divya,New,405504
ORD1447,2023-04-25,South,Smartwatch,9,19709,Divya,New,177381
ORD1448,2023-09-15,East,Smartwatch,5,60557,Divya,New,302785
ORD1449,2023-09-07,,Headphones,9,19543,Neha,New,175887
ORD1450,2023-07-14,South,Printer,4,39418,Sneha,Returning,157672
ORD1451,2023-07-02,South,Headphones,2,18724,Amit,Returning,37448
ORD1452,2023-04-26,South,Smartphone,6,5828,Ravi,Returning,34968
ORD1453,2023-12-01,South,Tablet,4,19087,Ravi,Returning,76348
ORD1454,2023-11-03,North,Printer,6,14605,,Returning,87630
ORD1455,2023-07-14,East,Printer,3,33337,Ravi,Returning,100011
ORD1456,2023-05-14,South,Camera,6,7482,Divya,New,44892
ORD1457,2023-09-21,West,Laptop,2,67333,Priya,Returning,134666
ORD1458,2023-08-25,East,Tablet,2,52952,Sneha,Returning,105904
ORD1459,2023-03-17,East,Smartwatch,9,7463,Amit,Returning,67167
ORD1460,2023-09-07,South,Printer,7,72448,Priya,Returning,507136
ORD1461,2023-09-03,North,Headphones,3,6648,Sneha,New,19944
ORD1462,2023-07-02,South,Tablet,1,35623,Karan,New,35623
ORD1463,2023-07-06,North,Camera,8,61156,Rahul,Returning,489248
ORD1464,2023-09-06,West,,6,37634,Neha,New,225804
ORD1465,2023-04-09,,Laptop,7,46602,Divya,New,326214
ORD1466,2023-03-02,West,Laptop,9,51334,Ravi,Returning,462006
ORD1467,2023-01-05,North,Camera,5,70648,Karan,Returning,353240
ORD1468,2023-02-28,North,Camera,1,24054,Ravi,Returning,24054
ORD1469,2023-12-22,West,Headphones,7,72028,Priya,Returning,504196
ORD1470,2023-04-20,North,Printer,5,24207,Amit,Returning,121035
ORD1471,2023-05-06,West,Laptop,3,23386,Amit,New,70158
ORD1472,2023-05-10,East,Smartwatch,9,61518,Amit,Returning,553662
ORD1473,2023-11-10,West,Tablet,1,54781,Divya,Returning,54781
ORD1474,2023-08-28,East,Smartwatch,1,54780,Ravi,Returning,54780
ORD1475,2023-07-11,West,Smartphone,1,63440,Karan,New,63440
ORD1476,2023-03-25,North,Smartphone,3,46199,Amit,Returning,138597
ORD1477,2023-10-30,West,Camera,6,63035,Karan,Returning,378210
ORD1478,2023-10-02,North,Headphones,3,10210,Ravi,Returning,30630
ORD1479,2023-12-24,West,Smartphone,8,46363,Divya,New,370904
ORD1480,2023-01-23,West,Laptop,2,62348,Priya,Returning,124696
ORD1481,2023-01-10,South,Smartwatch,9,57284,Divya,Returning,515556
ORD1482,2023-07-03,North,Smartwatch,3,74124,Karan,Returning,222372
ORD1483,2023-01-08,South,Camera,5,70847,Divya,New,354235
ORD1484,2023-09-18,North,Printer,8,24432,Divya,Returning,195456
ORD1485,2023-05-30,South,Printer,2,66089,Priya,Returning,132178
ORD1486,2023-09-19,East,Tablet,6,57398,Ravi,Returning,344388
ORD1487,2023-06-15,West,Camera,5,5321,Ravi,New,26605
ORD1488,2023-07-01,North,Tablet,9,39383,Neha,Returning,354447
ORD1489,2023-05-27,North,Printer,5,54893,Divya,Returning,274465
ORD1490,2023-01-23,West,Camera,2,37820,Ravi,Returning,75640
ORD1491,2023-10-10,,Camera,5,68262,Ravi,New,341310
ORD1492,2023-02-15,North,Camera,4,5760,Sneha,New,23040
ORD1493,2023-02-21,South,Printer,7,24190,Amit,Returning,169330
ORD1494,2023-12-24,North,Tablet,6,69411,Neha,New,416466
ORD1495,2023-11-21,East,Tablet,2,25377,Rahul,New,50754
ORD1496,2023-06-11,East,Camera,5,48737,Neha,New,243685
ORD1497,2023-11-20,West,Smartphone,7,71569,Neha,Returning,500983
ORD1498,2023-02-02,North,Headphones,7,40211,Rahul,Returning,281477
ORD1499,2023-10-09,West,Printer,5,5744,Sneha,New,28720
ORD1500,2023-10-23,East,Headphones,9,26995,Divya,New,242955
ORD1501,2023-02-08,North,Headphones,4,18977,Priya,New,75908
ORD1502,2023-07-21,North,Tablet,3,36542,Ravi,Returning,109626
ORD1503,2023-11-24,West,Tablet,4,12651,Amit,Returning,50604
ORD1504,2023-06-27,East,Smartphone,5,18715,Karan,New,93575
ORD1505,2023-05-25,North,Headphones,6,46409,Divya,New,278454
ORD1506,2023-11-15,West,Headphones,3,26306,Rahul,New,78918
ORD1507,2023-10-29,East,Camera,2,21086,Priya,New,42172
ORD1508,2023-12-13,West,Tablet,4,16376,Divya,Returning,65504
ORD1509,2023-09-28,South,Headphones,5,63350,Rahul,New,316750
ORD1510,2023-03-08,North,Smartwatch,4,73425,Ravi,Returning,293700
ORD1511,2023-12-17,South,Smartphone,3,38636,Sneha,New,115908
ORD1512,2023-07-27,East,Smartwatch,8,53649,Divya,New,429192
ORD1513,2023-11-03,South,Smartwatch,4,36610,Rahul,New,146440
ORD1514,2023-11-04,South,Printer,2,12058,Ravi,New,24116
ORD1515,2023-11-28,East,Printer,2,76637,Ravi,New,153274
ORD1516,2023-01-18,West,Smartphone,1,72194,Sneha,Returning,72194
ORD1517,2023-01-22,South,Smartwatch,4,78917,Neha,New,315668
ORD1518,2023-06-10,West,Headphones,9,66200,Divya,New,595800
ORD1519,2023-07-17,South,Tablet,7,48619,Divya,New,340333
ORD1520,2023-10-06,West,Smartphone,7,19154,Neha,Returning,134078
ORD1521,2023-07-02,East,Camera,7,21539,Amit,Returning,150773
ORD1522,2023-05-10,South,Smartwatch,8,62058,Amit,Returning,496464
ORD1523,2023-06-23,East,Smartphone,1,64068,Neha,Returning,64068
ORD1524,2023-08-30,South,Laptop,8,79313,Priya,New,634504
ORD1525,2023-04-05,East,Laptop,4,32373,Karan,New,129492
ORD1526,2023-09-10,East,Printer,4,35154,Ravi,New,140616
ORD1527,2023-04-04,,Tablet,4,8031,Karan,Returning,32124
ORD1528,2023-07-29,South,Headphones,6,73975,Ravi,New,443850
ORD1529,2023-11-01,South,Tablet,7,24785,Neha,New,173495
ORD1530,2023-06-30,North,Tablet,6,30669,Amit,Returning,184014
ORD1531,2023-07-19,West,Tablet,1,4282,Priya,Returning,4282
ORD1532,2023-07-18,North,Tablet,8,36624,Amit,Returning,292992
ORD1533,2023-11-21,North,Camera,7,50438,Karan,New,353066
ORD1534,2023-11-15,East,Camera,6,69534,Amit,New,417204
ORD1535,2023-01-06,South,Printer,6,33705,Neha,Returning,202230
ORD1536,2023-01-01,West,Smartphone,5,40244,Priya,New,201220
ORD1537,2023-03-08,East,Laptop,6,76964,Karan,Returning,461784
ORD1538,2023-01-13,North,Tablet,9,39437,Priya,Returning,354933
ORD1539,2023-11-07,South,Printer,9,79872,Divya,New,718848
ORD1540,2023-10-18,East,Smartphone,8,76878,Ravi,Returning,615024
ORD1541,2023-11-04,South,Laptop,9,74982,Amit,Returning,674838
ORD1542,2023-09-15,East,Smartwatch,8,52583,Priya,Returning,420664
ORD1543,2023-04-29,South,Headphones,8,40392,Sneha,New,323136
ORD1544,2023-05-22,North,Camera,1,9461,Divya,Returning,9461
ORD1545,2023-04-28,West,Smartwatch,5,12516,Amit,Returning,62580
ORD1546,2023-08-08,North,Laptop,4,19514,Ravi,Returning,78056
ORD1547,2023-08-09,West,Smartwatch,2,38268,Priya,Returning,76536
ORD1548,2023-03-14,South,Headphones,8,38788,Karan,Returning,310304
ORD1549,2023-12-25,East,Printer,3,77749,Ravi,Returning,233247
ORD1550,2023-07-04,North,Laptop,4,63049,Sneha,Returning,252196
ORD1551,2023-06-30,West,Smartwatch,7,64493,Priya,New,451451
ORD1552,2023-07-24,North,Camera,9,38027,Rahul,New,342243
ORD1553,2023-03-18,West,Camera,2,44849,Rahul,Returning,89698
ORD1554,2023-07-26,North,Smartphone,3,19858,Neha,New,59574
ORD1555,2023-07-23,West,Smartwatch,4,54395,Amit,New,217580
ORD1556,2023-06-03,West,Tablet,1,41758,Karan,Returning,41758
ORD1557,2023-11-17,South,Smartwatch,7,56312,,New,394184
ORD1558,2023-08-26,West,Printer,2,70670,Priya,Returning,141340
ORD1559,2023-11-20,South,Laptop,5,17434,Rahul,Returning,87170
ORD1560,2023-02-01,West,Laptop,1,66047,Rahul,Returning,66047
ORD1561,2023-04-11,East,Printer,3,49775,Rahul,Returning,149325
ORD1562,2023-05-11,East,Smartwatch,2,77769,Priya,Returning,155538
ORD1563,2023-10-11,East,Printer,1,68677,Rahul,New,68677
ORD1564,2023-09-08,West,Headphones,7,47734,Ravi,Returning,334138
ORD1565,2023-03-03,South,Printer,5,42603,Divya,New,213015
ORD1566,2023-05-11,South,Camera,1,78708,Priya,Returning,78708
ORD1567,2023-09-18,West,Printer,6,70803,Karan,Returning,424818
ORD1568,2023-01-12,,Laptop,5,41332,Divya,Returning,206660
ORD1569,2023-05-28,East,Camera,3,23312,Neha,New,69936
ORD1570,2023-06-12,South,Laptop,7,46179,Karan,Returning,323253
ORD1571,2023-07-11,East,Smartphone,9,73442,Divya,Returning,660978
ORD1572,2023-07-14,North,Tablet,9,42379,Sneha,Returning,381411
ORD1573,2023-05-17,South,Laptop,9,19297,Rahul,Returning,173673
ORD1574,2023-12-05,East,Camera,2,4011,Sneha,New,8022
ORD1575,2023-06-10,South,Smartphone,3,46014,Amit,Returning,138042
ORD1576,2023-01-18,North,Laptop,7,13738,Amit,New,96166
ORD1577,2023-07-21,South,Headphones,5,49498,Divya,Returning,247490
ORD1578,2023-11-15,South,Printer,2,13120,Sneha,New,26240
ORD1579,2023-09-19,South,Tablet,3,10767,Priya,New,32301
ORD1580,2023-05-11,South,Laptop,6,24852,Karan,Returning,149112
ORD1581,2023-03-20,North,Smartphone,7,2929,Sneha,Returning,20503
ORD1582,2023-01-27,West,Headphones,9,79487,Amit,New,715383
ORD1583,2023-04-20,South,Smartwatch,1,19438,Sneha,Returning,19438
ORD1584,2023-08-27,South,Smartphone,7,50515,Priya,Returning,353605
ORD1585,2023-11-04,East,Printer,8,7744,Sneha,Returning,61952
ORD1586,2023-07-01,South,Smartphone,3,44417,Karan,New,133251
ORD1587,2023-03-29,East,Headphones,4,9069,Neha,Returning,36276
ORD1588,2023-04-07,West,Smartphone,6,44359,Priya,Returning,266154
ORD1589,2023-08-29,North,Headphones,7,21799,Amit,Returning,152593
ORD1590,2023-03-15,North,Laptop,4,72188,Karan,New,288752
ORD1591,2023-02-20,West,Headphones,8,9597,Sneha,Returning,76776
ORD1592,2023-05-15,North,Headphones,5,49093,,New,245465
ORD1593,2023-05-08,West,Tablet,1,39226,Neha,Returning,39226
ORD1594,2023-07-27,West,Headphones,4,74127,Amit,New,296508
ORD1595,2023-03-30,West,Headphones,3,79362,Amit,Returning,238086
ORD1596,2023-05-20,North,Smartwatch,9,28417,Ravi,Returning,255753
ORD1597,2023-10-09,East,Laptop,8,20693,Amit,New,165544
ORD1598,2023-04-30,West,Printer,1,55161,Neha,New,55161
ORD1599,2023-03-12,South,Tablet,6,4169,Rahul,New,25014
ORD1600,2023-03-29,North,Smartwatch,9,24052,Ravi,Returning,216468
ORD1601,2023-12-26,West,Camera,7,73849,Ravi,Returning,516943
ORD1602,2023-11-27,West,Laptop,4,75851,Sneha,Returning,303404
ORD1603,2023-12-24,South,Laptop,1,10036,Sneha,Returning,10036
ORD1604,2023-04-19,East,Camera,2,33778,Amit,New,67556
ORD1605,2023-02-21,East,Printer,5,29734,Ravi,Returning,148670
ORD1606,2023-08-31,East,Headphones,5,25173,Divya,Returning,125865
ORD1607,2023-08-30,West,Smartwatch,8,32403,Sneha,Returning,259224
ORD1608,2023-09-04,West,Smartphone,6,68321,Neha,Returning,409926
ORD1609,2023-11-08,West,Tablet,8,73675,Divya,Returning,589400
ORD1610,2023-11-05,North,Smartphone,2,8344,Sneha,Returning,16688
ORD1611,2023-10-30,South,Camera,3,20800,Priya,Returning,62400
ORD1612,2023-10-20,West,Laptop,6,27372,Priya,New,164232
ORD1613,2023-05-12,South,Printer,3,63516,Sneha,Returning,190548
ORD1614,2023-10-31,South,Laptop,6,22538,Ravi,Returning,135228
ORD1615,2023-06-02,East,Tablet,6,65918,Rahul,Returning,395508
ORD1616,2023-05-08,North,Laptop,2,16973,Rahul,Returning,33946
ORD1617,2023-10-11,West,Laptop,7,73155,Ravi,New,512085
ORD1618,2023-03-18,East,Tablet,2,61500,Karan,New,123000
ORD1619,2023-04-17,East,Smartwatch,6,38575,Rahul,New,231450
ORD1620,2023-12-20,West,Smartwatch,1,44261,Priya,New,44261
ORD1621,2023-10-10,South,Tablet,3,29716,Neha,New,89148
ORD1622,2023-12-07,East,Printer,2,5236,Ravi,New,10472
ORD1623,2023-06-02,South,Camera,7,17848,Amit,Returning,124936
ORD1624,2023-10-24,North,Laptop,4,4352,Priya,New,17408
ORD1625,2023-02-21,South,Printer,8,3932,Neha,New,31456
ORD1626,2023-03-27,North,Laptop,6,78449,Neha,Returning,470694
ORD1627,2023-12-27,South,Camera,4,10556,Ravi,New,42224
ORD1628,2023-10-13,East,Smartwatch,5,7498,Neha,Returning,37490
ORD1629,2023-08-16,East,Printer,9,78118,Ravi,Returning,703062
ORD1630,2023-06-19,North,Headphones,7,52098,Rahul,New,364686
ORD1631,2023-04-09,,Headphones,9,66386,Sneha,Returning,597474
ORD1632,2023-04-12,North,Headphones,7,11569,Priya,New,80983
ORD1633,2023-11-13,North,Smartwatch,1,58882,Karan,New,58882
ORD1634,2023-10-13,South,Smartwatch,8,72393,Sneha,Returning,579144
ORD1635,2023-08-19,South,Camera,4,2340,Priya,Returning,9360
ORD1636,2023-12-28,North,Laptop,3,45949,Ravi,New,137847
ORD1637,2023-08-20,East,Camera,7,64443,Priya,Returning,451101
ORD1638,2023-04-02,South,Camera,3,76027,Rahul,Returning,228081
ORD1639,2023-01-04,West,Smartwatch,8,2138,Ravi,New,17104
ORD1640,2023-04-09,South,Headphones,6,2358,Sneha,New,14148
ORD1641,2023-12-11,South,Smartphone,5,77250,Amit,Returning,386250
ORD1642,2023-04-28,West,Laptop,4,32654,Amit,New,130616
ORD1643,2023-12-23,North,Smartwatch,8,27879,Divya,New,223032
ORD1644,2023-04-29,West,Headphones,8,57778,Divya,New,462224
ORD1645,2023-11-06,North,Printer,1,39772,Priya,New,39772
ORD1646,2023-12-21,North,Smartphone,9,60478,Amit,New,544302
ORD1647,2023-01-26,North,Smartphone,5,66353,Ravi,New,331765
ORD1648,2023-04-30,West,Smartwatch,4,28762,Neha,New,115048
ORD1649,2023-09-14,North,Tablet,6,15283,Ravi,Returning,91698
ORD1650,2023-04-23,East,,6,65922,Neha,New,395532
ORD1651,2023-07-01,West,Smartphone,2,41420,Sneha,Returning,82840
ORD1652,2023-03-29,East,Smartwatch,8,57568,Karan,Returning,460544
ORD1653,2023-02-09,North,Smartwatch,7,22219,Neha,Returning,155533
ORD1654,2023-08-25,South,Headphones,1,59169,Amit,New,59169
ORD1655,2023-01-12,North,Printer,5,76965,Ravi,New,384825
ORD1656,2023-03-14,East,Tablet,6,48840,Sneha,Returning,293040
ORD1657,2023-11-03,East,Laptop,4,46695,Amit,New,186780
ORD1658,2023-03-20,West,Camera,2,79988,Sneha,Returning,159976
ORD1659,2023-12-16,South,Printer,4,60342,Karan,New,241368
ORD1660,2023-01-13,West,Printer,1,20951,Rahul,New,20951
ORD1661,2023-03-21,East,Headphones,7,3307,Ravi,Returning,23149
ORD1662,2023-02-16,North,Smartphone,2,37428,Priya,Returning,74856
ORD1663,2023-02-18,South,Smartphone,2,77774,Ravi,Returning,155548
ORD1664,2023-09-12,North,Headphones,9,40975,Divya,New,368775
ORD1665,2023-02-21,North,Smartwatch,5,3140,Karan,Returning,15700
ORD1666,2023-07-03,South,Smartphone,2,26842,Ravi,New,53684
ORD1667,2023-06-13,West,,9,28421,Divya,New,255789
ORD1668,2023-03-13,North,Laptop,9,3708,Priya,New,33372
ORD1669,2023-09-10,East,Printer,1,5630,Neha,Returning,5630
ORD1670,2023-03-28,,Printer,3,21595,Sneha,Returning,64785
ORD1671,2023-10-23,South,Tablet,4,78021,Priya,Returning,312084
ORD1672,2023-06-20,South,Smartphone,7,30308,Amit,New,212156
ORD1673,2023-09-05,South,Printer,4,46789,Karan,New,187156
ORD1674,2023-09-09,West,Camera,2,57690,Neha,Returning,115380
ORD1675,2023-06-17,North,Laptop,7,28086,Amit,New,196602
ORD1676,2023-03-17,West,Laptop,6,18859,Amit,New,113154
ORD1677,2023-05-05,West,Printer,3,9684,Karan,Returning,29052
ORD1678,2023-11-10,South,Headphones,6,3207,Neha,Returning,19242
ORD1679,2023-02-04,South,Printer,6,48099,Rahul,Returning,288594
ORD1680,2023-08-18,West,Headphones,5,69496,Amit,New,347480
ORD1681,2023-11-14,North,Printer,4,68093,Amit,New,272372
ORD1682,2023-09-04,East,Camera,1,31689,Neha,New,31689
ORD1683,2023-02-01,West,Smartwatch,6,50651,Ravi,New,303906
ORD1684,2023-05-20,North,Laptop,2,15893,Amit,New,31786
ORD1685,2023-09-27,South,Printer,3,68418,Sneha,Returning,205254
ORD1686,2023-02-10,South,Camera,8,62011,Neha,New,496088
ORD1687,2023-11-10,North,Headphones,6,40635,Amit,New,243810
ORD1688,2023-08-08,East,Headphones,3,58115,Karan,New,174345
ORD1689,2023-05-31,South,Laptop,7,74702,Priya,Returning,522914
ORD1690,2023-12-14,South,Tablet,4,74805,Sneha,Returning,299220
ORD1691,2023-12-04,South,Printer,9,60954,Divya,Returning,548586
ORD1692,2023-07-08,North,Smartphone,5,30064,Divya,New,150320
ORD1693,2023-11-19,West,Headphones,3,4454,Priya,Returning,13362
ORD1694,2023-02-13,South,Smartwatch,2,22878,Divya,Returning,45756
ORD1695,2023-07-19,West,Smartwatch,2,53098,Priya,Returning,106196
ORD1696,2023-06-07,East,Headphones,3,64154,Amit,New,192462
ORD1697,2023-03-30,South,Tablet,2,14991,Sneha,Returning,29982
ORD1698,2023-05-19,South,Tablet,4,70344,Sneha,New,281376
ORD1699,2023-05-08,East,Camera,2,38593,Ravi,New,77186
ORD1700,2023-08-04,South,Smartwatch,9,38304,Priya,Returning,344736
ORD1701,2023-05-02,West,Camera,2,32386,Sneha,New,64772
ORD1702,2023-07-10,North,Smartwatch,9,57220,Ravi,Returning,514980
ORD1703,2023-10-01,West,Printer,6,71338,Neha,New,428028
ORD1704,2023-01-20,North,Printer,1,23083,Ravi,Returning,23083
ORD1705,2023-12-25,North,Smartphone,4,20354,Karan,Returning,81416
ORD1706,2023-04-07,West,Printer,1,24190,Rahul,Returning,24190
ORD1707,2023-02-10,West,Smartphone,6,8142,Amit,New,48852
ORD1708,2023-11-28,West,Printer,4,30398,Neha,Returning,121592
ORD1709,2023-01-28,West,Laptop,3,53971,Rahul,New,161913
ORD1710,2023-12-27,East,Printer,3,43862,Rahul,Returning,131586
ORD1711,2023-02-18,South,Camera,9,55410,Neha,New,498690
ORD1712,2023-02-24,North,Headphones,6,21503,Karan,New,129018
ORD1713,2023-06-29,West,Camera,9,50456,Ravi,Returning,454104
ORD1714,2023-05-30,West,Headphones,5,10016,Amit,Returning,50080
ORD1715,2023-06-23,West,Tablet,2,4384,Ravi,Returning,8768
ORD1716,2023-11-30,East,Camera,8,64320,Sneha,Returning,514560
ORD1717,2023-10-02,West,Tablet,5,17072,Ravi,Returning,85360
ORD1718,2023-12-10,West,Smartphone,2,42510,Divya,New,85020
ORD1719,2023-05-09,West,Smartphone,4,50933,Neha,Returning,203732
ORD1720,2023-11-24,South,Laptop,9,23826,Amit,Returning,214434
ORD1721,2023-02-01,East,Printer,4,70026,Ravi,New,280104
ORD1722,2023-08-17,West,Camera,4,27518,Amit,Returning,110072
ORD1723,2023-06-05,North,Tablet,2,26045,Amit,Returning,52090
ORD1724,2023-04-18,North,Headphones,6,52876,Sneha,New,317256
ORD1725,2023-06-02,North,Smartphone,2,53919,Sneha,Returning,107838
ORD1726,2023-03-29,East,Printer,7,29103,Neha,Returning,203721
ORD1727,2023-05-01,East,Smartphone,3,38188,Karan,Returning,114564
ORD1728,2023-07-31,North,Headphones,3,7845,,New,23535
ORD1729,2023-03-13,West,Printer,5,38674,Rahul,Returning,193370
ORD1730,2023-07-12,East,Printer,3,21337,Amit,New,64011
ORD1731,2023-07-30,North,Tablet,2,24313,Karan,Returning,48626
ORD1732,2023-01-24,North,Tablet,9,28943,Rahul,New,260487
ORD1733,2023-04-14,West,Camera,2,79949,Rahul,Returning,159898
ORD1734,2023-10-31,South,Camera,2,2276,Divya,New,4552
ORD1735,2023-11-06,East,Smartwatch,8,53151,Neha,New,425208
ORD1736,2023-04-05,West,Smartwatch,9,19611,Rahul,New,176499
ORD1737,2023-01-30,North,Laptop,7,13944,Divya,New,97608
ORD1738,2023-10-14,North,Smartphone,3,54887,Rahul,New,164661
ORD1739,2023-09-26,West,Camera,9,51847,Amit,New,466623
ORD1740,2023-06-19,East,Tablet,3,60653,Amit,Returning,181959
ORD1741,2023-11-10,,Headphones,5,58622,Priya,Returning,293110
ORD1742,2023-03-18,South,Tablet,9,29810,Karan,New,268290
ORD1743,2023-08-03,North,Smartphone,3,79842,Ravi,New,239526
ORD1744,2023-09-27,East,Smartwatch,7,12503,Divya,New,87521
ORD1745,2023-12-02,South,Tablet,1,38976,Sneha,New,38976
ORD1746,2023-12-28,East,Laptop,4,13590,Divya,Returning,54360
ORD1747,2023-08-05,East,Smartphone,4,12886,Ravi,New,51544
ORD1748,2023-10-06,North,Smartwatch,7,14866,Karan,Returning,104062
ORD1749,2023-08-12,South,Headphones,8,68624,Sneha,Returning,548992
ORD1750,2023-04-03,West,Smartwatch,1,70899,,New,70899
ORD1751,2023-03-04,North,Printer,5,34792,Priya,New,173960
ORD1752,2023-06-11,South,Laptop,7,11764,Sneha,Returning,82348
ORD1753,2023-04-13,South,Smartphone,4,44727,Amit,Returning,178908
ORD1754,2023-04-27,South,Headphones,4,10068,Ravi,New,40272
ORD1755,2023-08-24,South,Laptop,4,9295,Divya,New,37180
ORD1756,2023-05-25,South,Smartwatch,6,43160,Sneha,New,258960
ORD1757,2023-02-04,East,Laptop,7,13390,Priya,Returning,93730
ORD1758,2023-03-07,North,Smartphone,2,22131,Divya,Returning,44262
ORD1759,2023-04-03,East,Camera,5,77969,Rahul,New,389845
ORD1760,2023-03-17,West,Laptop,4,17038,Sneha,Returning,68152
ORD1761,2023-09-02,South,Printer,3,54327,Sneha,Returning,162981
ORD1762,2023-11-03,North,Laptop,7,79064,Priya,New,553448
ORD1763,2023-05-19,South,Smartwatch,6,23281,Rahul,New,139686
ORD1764,2023-04-12,North,Smartwatch,7,56189,Ravi,Returning,393323
ORD1765,2023-01-14,East,Headphones,5,50511,Neha,Returning,252555
ORD1766,2023-06-07,North,Smartwatch,6,10605,Ravi,New,63630
ORD1767,2023-06-13,West,Tablet,5,3381,Rahul,New,16905
ORD1768,2023-10-16,West,Smartphone,7,68634,Karan,New,480438
ORD1769,2023-06-13,North,Smartphone,2,21810,Divya,New,43620
ORD1770,2023-05-29,North,Camera,5,26322,Priya,New,131610
ORD1771,2023-02-17,North,Camera,6,43869,Ravi,Returning,263214
ORD1772,2023-04-21,North,Smartphone,6,34955,Sneha,Returning,209730
ORD1773,2023-07-23,West,Printer,5,63388,Priya,Returning,316940
ORD1774,2023-07-17,South,Camera,7,12207,Amit,Returning,85449
ORD1775,2023-08-23,North,Headphones,8,69628,Rahul,New,557024
ORD1776,2023-06-25,North,Smartwatch,7,30220,Divya,New,211540
ORD1777,2023-04-02,West,Smartphone,5,76085,Ravi,New,380425
ORD1778,2023-10-11,West,Camera,1,24031,Priya,Returning,24031
ORD1779,2023-09-21,East,Smartphone,5,72721,Divya,Returning,363605
ORD1780,2023-06-23,North,Tablet,2,73312,Ravi,Returning,146624
ORD1781,2023-11-03,East,Laptop,5,61766,Priya,New,308830
ORD1782,2023-02-19,West,Smartwatch,5,14449,Sneha,Returning,72245
ORD1783,2023-06-03,West,Smartphone,2,58699,Amit,New,117398
ORD1784,2023-08-10,South,Laptop,5,48092,Amit,New,240460
ORD1785,2023-12-11,North,Camera,4,65671,Karan,New,262684
ORD1786,2023-12-03,East,Laptop,1,12350,Priya,New,12350
ORD1787,2023-07-28,West,Smartwatch,3,70487,Ravi,New,211461
ORD1788,2023-12-15,West,Smartphone,1,19622,Amit,New,19622
ORD1789,2023-01-25,East,Tablet,5,72263,Rahul,Returning,361315
ORD1790,2023-01-05,South,Printer,4,55117,Amit,New,220468
ORD1791,2023-10-11,West,Camera,7,60394,Neha,New,422758
ORD1792,2023-01-09,North,Smartphone,5,25782,Neha,Returning,128910
ORD1793,2023-09-28,West,Smartwatch,4,30454,Amit,New,121816
ORD1794,2023-09-13,North,Camera,2,69904,Priya,Returning,139808
ORD1795,2023-05-20,East,Headphones,4,17592,Karan,Returning,70368
ORD1796,2023-09-15,North,Laptop,2,24173,Amit,Returning,48346
ORD1797,2023-03-01,East,Printer,8,35204,Sneha,New,281632
ORD1798,2023-03-08,North,Smartwatch,3,37596,Divya,New,112788
ORD1799,2023-09-19,East,Headphones,9,36324,Ravi,Returning,326916
ORD1800,2023-06-01,North,Smartphone,4,63202,Karan,New,252808
ORD1801,2023-08-15,South,Tablet,6,32750,Sneha,New,196500
ORD1802,2023-06-28,North,Camera,5,78112,Karan,Returning,390560
ORD1803,2023-11-10,North,Laptop,1,18566,Sneha,Returning,18566
ORD1804,2023-05-20,South,Camera,9,9190,Ravi,New,82710
ORD1805,2023-05-10,West,Printer,1,40333,Ravi,Returning,40333
ORD1806,2023-09-15,West,Smartphone,8,3589,Neha,Returning,28712
ORD1807,2023-02-18,North,Camera,9,27235,Priya,Returning,245115
ORD1808,2023-06-15,South,Laptop,9,2159,Sneha,New,19431
ORD1809,2023-05-19,North,Smartphone,1,14145,Divya,New,14145
ORD1810,2023-11-02,East,Camera,2,33921,Neha,New,67842
ORD1811,2023-04-09,East,Tablet,1,18237,Sneha,Returning,18237
ORD1812,2023-03-03,North,Smartwatch,2,10244,Neha,New,20488
ORD1813,2023-05-05,West,Smartphone,8,16743,Ravi,Returning,133944
ORD1814,2023-05-29,West,Smartwatch,5,48101,Karan,New,240505
ORD1815,2023-11-11,North,Smartphone,7,58378,Rahul,New,408646
ORD1816,2023-04-10,North,Tablet,2,73126,Neha,Returning,146252
ORD1817,2023-01-17,East,Smartwatch,8,58071,Sneha,New,464568
ORD1818,2023-10-24,West,Headphones,6,73121,Sneha,Returning,438726
ORD1819,2023-07-06,North,Laptop,8,76763,Rahul,New,614104
ORD1820,2023-10-17,East,Headphones,1,14237,Priya,New,14237
ORD1821,2023-07-04,West,Camera,1,17649,Divya,Returning,17649
ORD1822,2023-10-03,South,,7,39713,Ravi,Returning,277991
ORD1823,2023-12-30,East,Headphones,8,75463,Sneha,Returning,603704
ORD1824,2023-02-18,West,Smartphone,3,47409,Amit,New,142227
ORD1825,2023-04-20,West,Camera,5,50766,Karan,New,253830
ORD1826,2023-07-25,East,Camera,1,48154,Neha,New,48154
ORD1827,2023-07-15,South,Headphones,7,9016,Priya,Returning,63112
ORD1828,2023-02-22,East,Headphones,5,50688,Divya,Returning,253440
ORD1829,2023-05-29,West,Tablet,8,56238,Rahul,Returning,449904
ORD1830,2023-06-10,North,Laptop,8,60608,Karan,New,484864
ORD1831,2023-12-30,North,Headphones,9,33897,Ravi,New,305073
ORD1832,2023-04-22,East,Printer,7,52961,Priya,Returning,370727
ORD1833,2023-08-01,West,Headphones,1,70703,Divya,New,70703
ORD1834,2023-12-28,North,Smartwatch,3,46757,Neha,Returning,140271
ORD1835,2023-05-19,West,Smartphone,8,28917,Neha,New,231336
ORD1836,2023-02-14,East,Printer,3,24736,Rahul,New,74208
ORD1837,2023-12-22,North,Printer,8,29990,Amit,Returning,239920
ORD1838,2023-05-19,,Smartwatch,1,64551,Rahul,New,64551
ORD1839,2023-05-16,North,Smartwatch,5,60161,Ravi,New,300805
ORD1840,2023-10-17,,Camera,4,24440,Priya,Returning,97760
ORD1841,2023-11-12,West,Laptop,5,37205,Priya,Returning,186025
ORD1842,2023-07-19,North,Smartphone,8,57103,Sneha,New,456824
ORD1843,2023-07-27,East,Tablet,4,72812,Amit,Returning,291248
ORD1844,2023-04-03,North,Printer,4,43627,Amit,New,174508
ORD1845,2023-11-04,North,Tablet,3,21008,Priya,Returning,63024
ORD1846,2023-04-27,South,Headphones,7,73274,Priya,New,512918
ORD1847,2023-08-20,South,Headphones,3,34402,Karan,New,103206
ORD1848,2023-06-26,East,Tablet,3,55384,Divya,Returning,166152
ORD1849,2023-01-23,South,Headphones,5,7793,Karan,New,38965
ORD1850,2023-01-16,East,Laptop,5,7571,Karan,New,37855
ORD1851,2023-11-18,South,Smartwatch,6,18209,Amit,Returning,109254
ORD1852,2023-08-05,North,Headphones,8,45148,Sneha,Returning,361184
ORD1853,2023-06-28,East,Camera,6,4224,Neha,New,25344
ORD1854,2023-06-23,East,Headphones,1,50695,Karan,Returning,50695
ORD1855,2023-03-06,North,Smartphone,8,34441,Sneha,Returning,275528
ORD1856,2023-01-24,East,,8,41129,Rahul,New,329032
ORD1857,2023-09-27,East,Smartphone,9,64368,Ravi,New,579312
ORD1858,2023-06-17,South,Smartphone,9,46760,Karan,Returning,420840
ORD1859,2023-02-08,East,Camera,2,25478,Rahul,Returning,50956
ORD1860,2023-03-20,West,Laptop,2,73854,Neha,Returning,147708
ORD1861,2023-04-20,North,Laptop,3,14180,Ravi,New,42540
ORD1862,2023-06-20,South,Laptop,1,17372,Ravi,New,17372
ORD1863,2023-07-07,South,Laptop,4,31796,Neha,New,127184
ORD1864,2023-01-23,West,Laptop,4,60272,Karan,New,241088
ORD1865,2023-03-21,North,Camera,9,56040,Amit,New,504360
ORD1866,2023-03-18,North,Headphones,9,77357,Neha,New,696213
ORD1867,2023-04-12,South,Smartphone,9,73368,Neha,New,660312
ORD1868,2023-09-08,East,Laptop,7,18211,Neha,Returning,127477
ORD1869,2023-07-21,South,Printer,2,7842,Ravi,Returning,15684
ORD1870,2023-11-24,North,Headphones,5,65115,Divya,New,325575
ORD1871,2023-05-24,West,Headphones,4,68852,Sneha,New,275408
ORD1872,2023-10-25,South,Smartphone,8,47968,Rahul,New,383744
ORD1873,2023-01-28,North,Camera,2,19508,Amit,Returning,39016
ORD1874,2023-10-29,South,Tablet,6,24005,Karan,New,144030
ORD1875,2023-11-09,East,Tablet,5,56575,Karan,Returning,282875
ORD1876,2023-07-23,South,Headphones,2,20971,Rahul,Returning,41942
ORD1877,2023-02-28,South,Smartwatch,1,27599,Sneha,Returning,27599
ORD1878,2023-01-01,North,Smartwatch,8,68914,Neha,Returning,551312
ORD1879,2023-08-30,North,Smartphone,2,69055,Divya,Returning,138110
ORD1880,2023-11-28,North,Tablet,7,7355,Amit,New,51485
ORD1881,2023-12-29,South,Headphones,9,56120,Karan,New,505080
ORD1882,2023-07-09,East,Camera,9,76619,Rahul,Returning,689571
ORD1883,2023-06-25,West,Tablet,8,40342,Priya,New,322736
ORD1884,2023-04-12,West,Headphones,9,4257,Divya,Returning,38313
ORD1885,2023-01-23,North,Headphones,2,29364,Rahul,Returning,58728
ORD1886,2023-06-08,North,Laptop,6,26972,Divya,New,161832
ORD1887,2023-11-25,South,Camera,4,28654,Karan,New,114616
ORD1888,2023-06-16,West,,4,31320,,New,125280
ORD1889,2023-01-28,North,Smartphone,5,22808,Priya,New,114040
ORD1890,2023-08-27,East,Laptop,3,54389,Sneha,New,163167
ORD1891,2023-09-21,East,Printer,1,36773,Amit,Returning,36773
ORD1892,2023-11-23,North,Laptop,8,53168,Sneha,New,425344
ORD1893,2023-07-23,North,Printer,5,29747,Sneha,New,148735
ORD1894,2023-10-20,West,Tablet,3,78396,Rahul,New,235188
ORD1895,2023-07-08,West,Smartwatch,7,59505,,Returning,416535
ORD1896,2023-06-29,South,Headphones,7,20135,Amit,New,140945
ORD1897,2023-02-07,West,Printer,1,49377,Amit,Returning,49377
ORD1898,2023-07-13,East,Camera,9,25554,Karan,New,229986
ORD1899,2023-05-22,East,Laptop,2,64491,Karan,New,128982
ORD1900,2023-08-31,North,Printer,5,57621,Amit,Returning,288105
ORD1901,2023-01-23,West,Camera,5,60283,Priya,New,301415
ORD1902,2023-02-16,South,Smartwatch,8,18923,Ravi,New,151384
ORD1903,2023-05-17,East,Smartwatch,8,49591,Karan,Returning,396728
ORD1904,2023-09-20,East,Laptop,7,64261,Ravi,New,449827
ORD1905,2023-04-12,South,Smartphone,7,56336,Rahul,Returning,394352
ORD1906,2023-01-25,South,Laptop,6,76083,Priya,Returning,456498
ORD1907,2023-04-22,East,Tablet,6,62948,Amit,Returning,377688
ORD1908,2023-04-12,East,Printer,9,35002,Priya,Returning,315018
ORD1909,2023-04-26,South,Headphones,6,75016,Karan,Returning,450096
ORD1910,2023-05-11,East,Smartphone,2,28672,Sneha,New,57344
ORD1911,2023-10-15,North,Laptop,2,6213,Rahul,New,12426
ORD1912,2023-11-30,North,Camera,5,12293,Amit,New,61465
ORD1913,2023-07-23,South,Smartphone,4,57860,Neha,Returning,231440
ORD1914,2023-02-10,West,Printer,2,64507,Rahul,Returning,129014
ORD1915,2023-12-17,South,Smartphone,3,59134,Divya,Returning,177402
ORD1916,2023-05-30,South,Printer,7,4100,,Returning,28700
ORD1917,2023-07-27,West,Laptop,8,63997,Priya,New,511976
ORD1918,2023-02-26,West,Printer,6,30172,Amit,New,181032
ORD1919,2023-12-16,West,Smartphone,5,22132,Rahul,Returning,110660
ORD1920,2023-06-13,North,Camera,1,20199,Priya,Returning,20199
ORD1921,2023-01-14,East,Smartwatch,8,38609,Amit,New,308872
ORD1922,2023-01-24,North,Smartphone,3,44965,Karan,Returning,134895
ORD1923,2023-01-20,East,Printer,6,10016,Rahul,Returning,60096
ORD1924,2023-01-11,North,Smartwatch,3,41779,Karan,Returning,125337
ORD1925,2023-12-13,East,Printer,7,33881,Rahul,New,237167
ORD1926,2023-04-11,North,Camera,7,26472,Karan,New,185304
ORD1927,2023-05-01,West,Printer,9,53813,Divya,Returning,484317
ORD1928,2023-08-06,South,Laptop,5,38021,Priya,New,190105
ORD1929,2023-01-15,North,Headphones,8,56131,Neha,Returning,449048
ORD1930,2023-07-29,East,Smartphone,8,26087,Rahul,Returning,208696
ORD1931,2023-07-03,West,Headphones,1,14828,Divya,New,14828
ORD1932,2023-02-25,North,Printer,5,63610,Rahul,Returning,318050
ORD1933,2023-03-15,North,Camera,3,3401,Karan,Returning,10203
ORD1934,2023-12-30,West,Smartphone,1,17193,Amit,New,17193
ORD1935,2023-11-25,North,Printer,4,46864,Rahul,Returning,187456
ORD1936,2023-02-06,South,Smartwatch,8,22307,Divya,Returning,178456
ORD1937,2023-07-11,North,Tablet,3,21611,Karan,Returning,64833
ORD1938,2023-04-11,South,Printer,2,45791,Sneha,New,91582
ORD1939,2023-09-06,South,Headphones,9,13950,Karan,Returning,125550
ORD1940,2023-10-05,West,Smartphone,5,78240,Priya,New,391200
ORD1941,2023-06-17,North,Headphones,7,79403,Neha,Returning,555821
ORD1942,2023-04-01,West,Smartphone,2,4745,Sneha,Returning,9490
ORD1943,2023-02-18,North,Printer,9,57243,Priya,Returning,515187
ORD1944,2023-06-25,North,Laptop,9,5866,Priya,Returning,52794
ORD1945,2023-03-17,East,Smartwatch,4,34245,Priya,New,136980
ORD1946,2023-01-05,North,Printer,4,46724,Amit,New,186896
ORD1947,2023-04-05,West,Headphones,6,73354,Priya,Returning,440124
ORD1948,2023-02-21,South,Tablet,6,53374,Amit,Returning,320244
ORD1949,2023-06-03,North,Tablet,1,32116,Priya,Returning,32116
ORD1950,2023-03-12,East,Camera,9,22447,Ravi,Returning,202023
ORD1951,2023-10-07,West,Smartphone,2,32431,Divya,Returning,64862
ORD1952,2023-04-11,North,,5,19908,Sneha,Returning,99540
ORD1953,2023-09-01,West,Camera,9,31336,Ravi,Returning,282024
ORD1954,2023-06-17,East,Headphones,4,42992,Priya,Returning,171968
ORD1955,2023-11-02,East,Smartphone,3,57350,Sneha,New,172050
ORD1956,2023-08-11,West,Printer,7,71561,Sneha,New,500927
ORD1957,2023-01-27,North,Printer,6,53955,Rahul,New,323730
ORD1958,2023-07-07,South,Tablet,8,63240,Neha,Returning,505920
ORD1959,2023-12-23,East,Printer,3,22093,Ravi,Returning,66279
ORD1960,2023-07-07,North,Printer,5,8155,Neha,Returning,40775
ORD1961,2023-12-31,North,Laptop,4,48607,Sneha,New,194428
ORD1962,2023-08-02,South,Tablet,4,35487,Amit,Returning,141948
ORD1963,2023-04-15,East,Camera,4,57668,Sneha,New,230672
ORD1964,2023-08-07,East,Smartwatch,8,22963,Neha,Returning,183704
ORD1965,2023-11-02,North,Laptop,6,52124,Ravi,New,312744
ORD1966,2023-03-25,North,Camera,3,54870,Priya,New,164610
ORD1967,2023-01-19,South,Smartphone,5,58547,Rahul,New,292735
ORD1968,2023-02-01,South,Laptop,6,66110,Rahul,Returning,396660
ORD1969,2023-06-29,,Camera,5,55554,Rahul,New,277770
ORD1970,2023-12-13,West,Smartphone,6,22936,Priya,Returning,137616
ORD1971,2023-07-06,East,Tablet,8,6426,Rahul,Returning,51408
ORD1972,2023-08-10,North,Smartwatch,7,29606,Ravi,Returning,207242
ORD1973,2023-02-12,East,Smartphone,5,49832,Priya,Returning,249160
ORD1974,2023-05-11,West,Printer,6,30151,Rahul,Returning,180906
ORD1975,2023-08-25,South,Headphones,4,13308,Priya,New,53232
ORD1976,2023-01-24,,Smartphone,9,64522,Neha,Returning,580698
ORD1977,2023-01-11,West,Smartphone,4,47671,Divya,Returning,190684
ORD1978,2023-09-20,West,Smartwatch,1,4204,Divya,Returning,4204
ORD1979,2023-11-08,South,Headphones,7,33131,Ravi,Returning,231917
ORD1980,2023-11-24,West,Printer,7,54428,Karan,Returning,380996
ORD1981,2023-12-01,West,Camera,4,35870,Amit,New,143480
ORD1982,2023-11-15,West,Camera,3,51067,Rahul,New,153201
ORD1983,2023-01-23,North,Smartphone,8,60585,Amit,Returning,484680
ORD1984,2023-11-23,West,Headphones,5,23607,Priya,New,118035
ORD1985,2023-03-28,South,Headphones,7,26968,Amit,New,188776
ORD1986,2023-07-13,West,,4,13908,Ravi,Returning,55632
ORD1987,2023-09-03,West,,4,28423,Ravi,New,113692
ORD1988,2023-07-01,South,Tablet,8,76707,Sneha,Returning,613656
ORD1989,2023-05-30,West,Camera,8,63215,Divya,New,505720
ORD1990,2023-08-23,South,Smartwatch,2,57835,Rahul,New,115670
ORD1991,2023-11-25,West,Laptop,2,51429,Sneha,New,102858
ORD1992,2023-11-15,South,Camera,3,40458,Amit,Returning,121374
ORD1993,2023-01-05,West,Smartwatch,3,48169,Karan,New,144507
ORD1994,2023-01-27,West,Camera,1,9659,Sneha,New,9659
ORD1995,2023-10-25,North,Tablet,3,62614,Sneha,Returning,187842
ORD1996,2023-04-05,North,Laptop,6,79240,Ravi,Returning,475440
ORD1997,2023-05-28,West,Tablet,8,34793,Karan,New,278344
ORD1998,2023-02-05,West,Printer,6,48473,Priya,Returning,290838
ORD1999,2023-01-06,East,Laptop,5,57751,Amit,New,288755
